ISO;Country;Region;Income Group;Year;ID1;ID2;ID3;ID4;IA1;IA2;IE1;IE2;IE3;IE4;IE5;MD1;MD2;MD3;MD4;MD5;MA1;MA2;ME1
AUS;Australia;East Asia & Pacific;High income;2004;94.4835;63.3154;31.0734;6.41277;30.6727;133.805;0.587955;48.356;0.307886;0.491333;10.3121;121.887;86.6294;36.6295;51.6123;14.5264;60.9906;8.58507;72.9678
AUS;Australia;East Asia & Pacific;High income;2005;98.5758;74.8165;34.8744;5.93253;30.6322;143.484;3.46112;50.7045;3.73178;2.07994;29.9953;117.613;85.997;36.8878;49.3949;12.4302;62.924;8.6347;75.1606
AUS;Australia;East Asia & Pacific;High income;2006;104.105;82.7164;39.8398;5.90918;31.2422;147.867;3.31652;28.4944;1.97712;1.705;25.2639;128.007;99.139;47.9919;58.3012;12.4931;65.302;8.2488;89.8418
AUS;Australia;East Asia & Pacific;High income;2007;115.726;103.338;36.7097;6.7097;31.6789;152.951;2.26315;30.6449;1.41004;1.16921;17.9962;143.963;133.35;47.6603;70.9125;12.1776;59.0353;5.50481;111.822
AUS;Australia;East Asia & Pacific;High income;2008;127.304;102.155;21.7372;5.58645;31.5787;149.519;2.0207;28.9294;1.19366;0.862542;13.7566;104.113;115.629;42.6999;60.9784;11.1383;56.0575;4.05966;76.4832
AUS;Australia;East Asia & Pacific;High income;2009;133.683;85.4325;26.306;5.3621;31.2316;154.522;2.02667;26.1752;1.13225;0.610365;9.4728;98.1797;82.7871;52.276;76.3073;24.1968;56.2091;3.81648;92.5012
AUS;Australia;East Asia & Pacific;High income;2010;129.753;79.2013;23.228;5.21997;30.7498;161.197;2.05076;26.0459;1.1232;0.910429;13.1278;129.991;93.646;44.1856;65.6746;28.1937;58.3448;3.60341;76.1937
AUS;Australia;East Asia & Pacific;High income;2011;127.553;92.9983;16.425;5.21661;30.3653;166.6;2.09009;20.5174;1.08646;0.938524;14.1055;102.39;86.694;37.2386;55.6903;31.0272;56.397;3.24836;79.2957
AUS;Australia;East Asia & Pacific;High income;2012;129.164;88.7576;17.01;5.07529;30.215;165.51;1.89137;23.3163;0.992067;0.794737;12.4997;86.2398;68.2928;38.6603;56.536;35.6222;52.8833;3.54394;68.3048
AUS;Australia;East Asia & Pacific;High income;2013;128.614;95.993;18.39663229;5.36421;29.539;160.478;1.87729;23.2461;0.917118;0.805718;12.9615;88.1065;54.2433;41.8629;50.073;33.5066;50.3172;3.66925;57.1781
AUS;Australia;East Asia & Pacific;High income;2014;130.574;113.651;23.27924459;6.14118;29.1765;160.138;2.00929;7.30019;1.26659;0.910666;14.4406;86.5596;48.5629;42.5956;55.3067;38.9414;52.3384;3.19266;55.8694
AUS;Australia;East Asia & Pacific;High income;2015;138.118;113.651;24.62421848;5.79657;28.7206;164.622;1.65204;8.38254;1.06179;0.804606;12.2922;88.3603;52.0601;49.641;59.8042;43.7797;55.6685;2.99383;63.4376
AUT;Austria;Europe & Central Asia;High income;2004;85.8942;4.17838;52.2337;5.06099;13.9307;116.177;2.02261;38.8972;2.04314;0.587129;11.4508;24.9644;6.50629;63.5652;40.4437;36.7858;32.0981;4.518145999;34.636
AUT;Austria;Europe & Central Asia;High income;2005;89.1613;4.55438;62.6922;5.34093;13.3238;106.807;1.82292;42.0039;1.82753;0.639797;11.8564;34.0379;11.0074;64.4887;39.7331;31.882;28.7435;4.04595068;40.4558
AUT;Austria;Europe & Central Asia;High income;2006;92.2193;4.59438;64.2511;5.15028;13.0383;108.356;2.14415;44.5013;2.09358;1.65652;26.271;47.8835;18.9345;77.9478;41.6198;29.4514;30.6757;4.317928202;51.8308
AUT;Austria;Europe & Central Asia;High income;2007;91.0316;4.5568;58.8705;4.94504;12.8836;108.633;2.49978;39.6612;2.2105;1.12935;14.61;57.6553;28.2876;85.1757;47.4504;30.8202;31.7848;4.474045721;57.9565
AUT;Austria;Europe & Central Asia;High income;2008;93.5937;3.97287;45.8076;4.91204;12.586;110.17;2.80355;32.1944;2.04142;0.361307;4.78544;38.8613;27.8207;81.2087;51.7337;28.9883;36.116;5.083707786;59.0564
AUT;Austria;Europe & Central Asia;High income;2009;97.9292;4.77099;50.0129;5.02437;11.7665;112.353;2.04847;37.4487;1.52869;0.337018;4.39204;23.3941;18.1909;90.666;57.3629;31.0565;36.2202;5.098375035;55.3786
AUT;Austria;Europe & Central Asia;High income;2010;97.0828;5.10523;51.2029;4.99218;11.2878;112.934;1.95727;36.9802;1.6778;0.377245;4.64972;30.0717;12.5559;86.6138;59.4141;34.641;35.8226;5.042408643;41.6177
AUT;Austria;Europe & Central Asia;High income;2011;95.6729;4.79955;44.5955;4.65506;15.1063;113.862;1.87526;36.6699;1.64499;0.26318;3.52278;25.5833;10.5767;75.9263;47.9674;33.809;38.3388;5.396590322;35.3404
AUT;Austria;Europe & Central Asia;High income;2012;94.0443;5.17538;46.4948;4.45956;15.9866;115.733;2.243;36.5044;2.15594;0.356973;4.72982;22.6587;7.32766;77.4591;48.93576578;34.49153603;36.4544;5.131341154;25.6052
AUT;Austria;Europe & Central Asia;High income;2013;92.4281;5.48523;46.106;4.4273;15.5602;117.418;2.15302;37.384;2.38548;-0.037437;-0.478014;26.4623;5.93345;75.7417;47.85077662;33.72680001;36.2576;5.103639479;23.4089
AUT;Austria;Europe & Central Asia;High income;2014;89.0676;5.84805;48.8614;4.32599;14.8595;119.095;2.252;12.1002;2.5089;-0.003417;-0.044056;24.4465;6.29365;62.9216;39.75151635;28.01817518;42.8686;6.034207432;26.7984
AUT;Austria;Europe & Central Asia;High income;2015;85.8316;5.86297;48.8973;4.26149;13.861;118.36;1.83463;14.116;1.93572;0.50347;6.43753;23.4234;7.3749;64.4124;40.6933481;28.68200915;49.4796;6.964775385;35.9398
CAN;Canada;North America;High income;2004;164.097;60.9124;41.0111;5.80813;21.99425951;184.771;2.09083;49.8653;2.57937;0.861647;11.6805;105.715;61.3154;27.9482;31.5588;55.8007;76.326;12.171;65.3149
CAN;Canada;North America;High income;2005;170.275;63.8764;46.8234;5.71337;23.56159645;197.938;1.59482;49.5079;1.82365;0.661114;8.05804;117.871;72.541;25.6617;31.6241;51.4078;75.8945;11.8969;67.626
CAN;Canada;North America;High income;2006;183.829;67.1751;52.5127;5.69499;24.5803;206.496;1.83633;66.5789;1.82103;0.774231;9.12806;125.509;85.2841;25.9139;31.7146;46.7271;76.6448;11.2664;74.9344
CAN;Canada;North America;High income;2007;157.002;65.7979;54.7086;5.51245;24.6715;212.008;2.09449;59.558;2.00308;0.660457;7.90504;136.714;104.695;28.9975;32.5388;49.8376;75.7688;11.331;87.1266
CAN;Canada;North America;High income;2008;126.556;60.6629;43.2616;5.3416;24.6151;217.758;1.75969;47.7108;1.6042;0.436881;8.6378;105.965;106.603;28.8047;23.7168;43.4416;71.1081;10.9915;91.556
CAN;Canada;North America;High income;2009;136.0576281;67.0398;54.7155;5.78605;24.1888;216.222;2.87103;34.5151;1.56612;0.516435;5.79494;99.51980559;100.119;38.8852;29.3448;65.3432;75.1676;11.5798;100.727
CAN;Canada;North America;High income;2010;134.8166175;71.4174;58.0462;5.58522;24.0531;218.178;4.04618;45.4503;4.39111;1.31879;17.0508;89.1209158;89.6575;37.6866;27.6247;62.4461;76.2719;12.079;69.547
CAN;Canada;North America;High income;2011;140.4615233;71.1384;56.5761;5.48296;24.1768;207.568;3.22893;46.0194;3.32018;1.43683;25.1107;82.30177288;82.7973;36.1325;26.0303;59.4232;59.8953;12.5359;69.9714
CAN;Canada;North America;High income;2012;143.2560534;74.9628;62.1618;5.43685;24.2393;203.111;1.86714;45.4129;1.87247;0.878937;15.3818;77.13030952;77.5947;37.9657;29.1484;64.1439;74.5896;13.0434;67.6505
CAN;Canada;North America;High income;2013;146.689704;78.3767;67.775;5.50497;24.1511;220.48;1.78371;45.1533;1.82061;0.832389;14.1518;71.68926924;72.1209;40.664;30.1259;62.9223;72.189;13.8414;63.922
CAN;Canada;North America;High income;2014;145.5333078;83.4554;72.874;5.64841;23.908;221.126;1.76309;13.9675;1.71728;0.843716;13.3492;72.67354307;73.1111;42.2636;31.033;60.1213;72.6184;14.6811;65.3493
CAN;Canada;North America;High income;2015;150.1645335;90.9831;75.9636;5.89445;23.6212;220.521;1.58721;13.1133;1.58049;0.749839;11.3932;73.03655741;73.4763;49.258;31.3812;60.5791;71.9487;14.707;63.8045
CHL;Chile;Latin America & Caribbean;High income;2004;69.9718;55.972;10.9929;3.50242;12.5421;33.3429;4.3413;28.5008;2.93316;1.63369;18.3011;107.004;10.7608;10.628;15.4332209;9.099105406;55.4918;27.92507314;12.1487
CHL;Chile;Latin America & Caribbean;High income;2005;70.9538;55.6201;10.2153;3.21378;13.1176;39.3772;4.39091;28.1798;2.90205;1.79954;20.7501;106.234;13.9351;8.56618;19.98582602;7.333889231;54.4037;27.37750986;15.4742
CHL;Chile;Latin America & Caribbean;High income;2006;70.385;57.532;11.6935;2.82496;13.8566;43.3631;4.24393;23.1682;2.48658;1.59425;18.7036;103.369;16.0263;6.92327;22.9850409;5.927320614;51.7101;26.02201271;17.3955
CHL;Chile;Latin America & Caribbean;High income;2007;75.7425;61.0128;13.4913;3.11433;14.9408;48.8856;4.85035;21.7438;2.53133;2.02075;23.5482;112.096;20.9872;5.73104;30.10000128;4.906599271;52.3973;26.36783155;23.2776
CHL;Chile;Latin America & Caribbean;High income;2008;86.1307;49.8156;12.1473;3.58613;15.39;54.8444;3.8296;29.4321;2.53087;1.15663;14.516;97.7101;20.9743;5.44408;30.0815;4.66092;55.8408;28.1007;16.4502
CHL;Chile;Latin America & Caribbean;High income;2009;94.2667;61.9898;18.249;3.33814;16.9561;57.8096;4.03114;36.9393;2.56364;1.48855;19.4035;102.276;18.4563;6.5396;45.6468;7.61375;51.8843;30.795;21.0576
CHL;Chile;Latin America & Caribbean;High income;2010;93.6339;62.6345;16.3065;3.52504;17.3589;61.6738;4.72868;34.2658;3.0682;1.73408;22.1252;137.157;22.7117;7.2077;38.5461;9.50062;53.3498;30.3892;19.414
CHL;Chile;Latin America & Caribbean;High income;2011;95.4968;58.01;14.1775;3.60798;17.2467;64.5658;3.88246;31.4742;2.49066;1.41466;18.3115;126.273;22.4655;7.87091;35.6297;9.8604;54.9735;27.4457;16.1861
CHL;Chile;Latin America & Caribbean;High income;2012;NA;60.0966;13.9505;3.93588;17.0935;67.3678;4.0066;32.1012;2.5942;1.32688;16.7771;109.808;18.4036;9.69117;38.7561;11.599;56.1527;27.1104;15.9631
CHL;Chile;Latin America & Caribbean;High income;2013;101.491;62.2071;14.9984;3.86607;16.9313;63.6164;3.6776;31.932;2.31858;1.25821;15.4393;103.324;15.6662;12.6405;35.7488;11.7264;54.2744;23.0532;14.4005
CHL;Chile;Latin America & Caribbean;High income;2014;103.856;68.0905;18.0933;3.84964;16.719;56.3647;3.93213;10.4841;2.36595;1.39155;17.0405;90.0599;12.2679;17.4647;36.0193;13.9829;54.8882;21.3843;11.6434
CHL;Chile;Latin America & Caribbean;High income;2015;NA;69.6448;18.0105;4.29777;16.013;55.6511;3.48272;15.8145;2.15642;1.10233;14.0688;82.1443;9.05163;21.6208;33.5275;14.4485;54.1092;18.3975;9.94667
HRV;Croatia;Europe & Central Asia;High income;2004;44.7562;3.19291;2.25134;2.406199;28.8395;57.85454095;3.68109;31.8243;2.71175;1.36482;16.2262;21.3085;0.885989;17.9917;0.913947;13.7187;24.97127253;5.98637;5.24872
HRV;Croatia;Europe & Central Asia;High income;2005;48.1627;4.41472;3.8387;2.474537;30.7221;61.6312;3.37961;33.6341;2.41998;1.29682;14.9041;26.4795;1.34984;13.4161;0.804232;14.5217;19.88326266;4.76662;6.29406
HRV;Croatia;Europe & Central Asia;High income;2006;53.2768;5.56216;6.27721;2.530203;30.7648;70.3461;3.61702;36.0521;2.80322;1.31519;13.597;41.8618;2.62701;10.8511;1.65923;16.9613;34.96016531;8.38101;8.88306
HRV;Croatia;Europe & Central Asia;High income;2007;57.1158;6.76795;10.4677;2.561386;32.6665;79.8012;3.44835;33.6294;2.47685;1.31966;11.4795;83.4392;5.27136;10.389;2.01046;16.5541;44.01571748;10.5519;8.74749
HRV;Croatia;Europe & Central Asia;High income;2008;61.1608;6.7702;3.3898;2.537364;34.3656;89.1692;3.49284;30.6655;2.38255;1.29191;9.89154;74.8202;5.75082;7.51245;1.7513;14.7613;43.6678265;10.4685;6.09841
HRV;Croatia;Europe & Central Asia;High income;2009;67.7563;9.25406;4.19249;2.598357;35.6871;96.2616;3.39612;32.9987;2.24695;0.905228;6.57632;41.952;3.61869;11.7546;1.87209;18.1828;38.40591285;9.20706;5.55742
HRV;Croatia;Europe & Central Asia;High income;2010;68.1442;11.6108;4.75304;2.568609;35.1918;101.612;3.44744;28.4866;2.09953;0.900174;6.43571;43.0402;2.06707;12.3857;1.42918;21.0809;25.0318406;6.00089;4.08714
HRV;Croatia;Europe & Central Asia;High income;2011;69.3461;12.9397;4.08907;2.503411;35.9457;109.911;3.68908;25.1813;2.1256;0.945964;6.81296;39.5769;1.62452;13.7435;1.53524;20.52;23.28354243;5.58177;3.76186
HRV;Croatia;Europe & Central Asia;High income;2012;69.8926;16.2088;4.31134;2.493687;35.6395;113.066;3.3834;28.2997;2.12034;0.724906;5.14201;36.9559;1.24513;20.3381;1.67755;24.6959;20.35479259;4.87966;2.35818
HRV;Croatia;Europe & Central Asia;High income;2013;69.4065;18.4908;4.58507;2.512628;34.6756;114.191;3.25533;29.5044;2.15323;0.142725;1.20784;39.85766667;0.96611;26.6741;1.5708;27.8227;16.32438798;3.91345;1.891242324
HRV;Croatia;Europe & Central Asia;High income;2014;70.0164;21.1703;4.74168;2.361136;33.937;117.156;3.20334;12.2867;2.41713;0.486725;3.97436;38.79682222;0.940396191;26.7013;1.35841;27.3074;14.10105594;3.38045;1.633660866
HRV;Croatia;Europe & Central Asia;High income;2015;67.0918;23.2574;5.01132;2.357366;33.4598;122.881;3.13451;10.7479;3.24249;-0.802778;-5.47588;38.5367963;0.934093423;33.1243;1.4687;29.4029;14.31074994;3.43072;1.657954712
DNK;Denmark;Europe & Central Asia;High income;2004;148.214;45.5728;38.1406;8.16556;50.0822;67.0269;1.37361;36.9504;1.16381;0.794972;13.161;56.9916;23.2601;20.2883;152.776;57.1599;49.47561045;0.486079;47.623
DNK;Denmark;Europe & Central Asia;High income;2005;157.501;49.6792;50.0902;8.54809;50.2024;68.14;1.2655;41.0109;1.07421;0.86199;14.9886;62.5294;47.2963;23.9581;141.565;39.4485;48.82184461;0.479656;91.9124
DNK;Denmark;Europe & Central Asia;High income;2006;169.55;48.4912;54.9589;8.69993;50.5242;69.8975;1.08552;49.0495;1.04399;0.939817;16.6866;72.7997;58.5429;29.3303;152.467;36.6551;44.7676414;0.439825;85.7598
DNK;Denmark;Europe & Central Asia;High income;2007;185.867;48.3625;58.6915;8.26758;51.8623;70.4006;1.07993;39.8035;0.996197;0.707114;13.1949;83.0217;68.1003;37.1724;164.756;31.5606;35.95030161;0.353198;91.2973
DNK;Denmark;Europe & Central Asia;High income;2008;203.122;55.4358;42.9585;8.65057;50.4559;68.7386;1.1093;25.2392;0.94501;-0.167877;-1.91514;61.6847;67.6961;39.5521;153.641;30.2538;31.75034211;0.311935;97.8675
DNK;Denmark;Europe & Central Asia;High income;2009;212.901;63.465;50.4896;8.81576;45.8031;65.1864;1.46135;33.8782;1.06603;-0.244889;-5.41062;48.9679;55.199;54.1363;197.135;33.5999;20.8075254;0.204426;94.7219
DNK;Denmark;Europe & Central Asia;High income;2010;194.883;71.4716;71.5481;8.97233;40.8685;63.1484;1.15765;33.1021;0.911512;0.164926;3.39539;64.4109;45.0176;49.1437;184.613;36.2989;19.8997039;0.195507;70.1946
DNK;Denmark;Europe & Central Asia;High income;2011;191.213;75.4092;77.697;9.32192;38.7332;61.06;1.10714;33.0228;0.927748;0.070517;1.3732;62.4303;44.5547;46.74;168.391;40.0662;15.53719356;0.152647;70.5704
DNK;Denmark;Europe & Central Asia;High income;2012;186.811;75.0074;87.7872;9.48789;34.0937;58.7254;1.09536;37.3917;0.944407;0.163374;2.9383;61.1841;38.4174;52.7968;185.508;45.4023;15.25127915;0.149838;53.5175
DNK;Denmark;Europe & Central Asia;High income;2013;182.637;67.9933;99.1911;9.57908;30.0257;56.1528;1.06589;36.5644;0.998167;0.306207;4.99666;57.43623085;36.06411887;49.5627;175.129;42.3104;20.03955666;0.196881;38.74916306
DNK;Denmark;Europe & Central Asia;High income;2014;179.081;76.047;108.448;10.07898;27.7976;54.0141;1.28842;10.6084;0.98493;0.206722;3.63635;50.1379623;31.48154754;43.2649;154.996;41.2305;28.36354396;0.278661;44.47151324
DNK;Denmark;Europe & Central Asia;High income;2015;174.365;74.7027;104.091;10.07863;24.7359;52.8844;1.08959;4.67328;0.841989;0.379398;7.11881;55.29987243;34.72270278;47.7192;154.032;39.2358;31.91167153;0.31352;53.38845045
DEU;Germany;Europe & Central Asia;High income;2004;106.665;7.20363;39.4596;5.27717;21.269;139.5528616;1.06437;44.3774;1.39242;-0.045589;-1.51365;42.2135;40.7645;55.7402;41.5204;42.5485;53.9334;12.92946875;99.2603
DEU;Germany;Europe & Central Asia;High income;2005;104.575;9.91305;43.8802;5.41769;20.1839;132.4331658;0.908444;56.0633;1.15426;0.304561;10.8453;41.7784;43.0325;54.1467;34.9232;40.976;55.0075;13.18696303;107.747
DEU;Germany;Europe & Central Asia;High income;2006;101.252;10.7482;44.431;5.3112;16.678;109.4298098;1.03803;50.0484;1.19985;0.290804;10.2709;47.3483;53.9723;64.1796;32.7031;39.6223;57.4117;13.76332256;137.228
DEU;Germany;Europe & Central Asia;High income;2007;96.7445;11.1191;43.159;5.05806;16.3028;106.968;0.991658;51.6653;1.14403;0.470624;16.2919;56.4318;77.9014;64.7445;35.4143;40.9319;55.6557;13.3423562;167.669
DEU;Germany;Europe & Central Asia;High income;2008;96.0694;11.5497;37.2044;4.99211;16.3147;109.8;0.931984;38.994;0.927936;-0.30616;-11.7793;45.0609;102.546;57.4817;35.3997;39.613;48.9452;11.73364619;247.783
DEU;Germany;Europe & Central Asia;High income;2009;99.1465;13.4596;43.6373;5.43661;15.8573;112.257;1.11592;46.7246;1.13388;-0.118748;-4.47787;34.1965;84.1565;63.1463;36.5119;42.9261;51.8149;12.42160016;152.955
DEU;Germany;Europe & Central Asia;High income;2010;90.7139;13.7364;45.672;5.40179;15.7043;116.626;0.93501;48.5515;1.25743;0.0758;2.33235;38.8289;46.7086;58.744;31.5934;48.6128;54.3774;13.03590899;112.643
DEU;Germany;Europe & Central Asia;High income;2011;84.5424;13.7982;43.4247;5.0731;15.5366;118.69;0.783728;54.2402;1.31022;0.029502;0.893984;35.8317;41.8849;53.7578;24.0197;50.0503;54.918;13.16550717;116.878
DEU;Germany;Europe & Central Asia;High income;2012;83.5525;15.6626;48.6946;5.15819;14.1619;118.376;0.808258;54.5368;1.20897;0.138461;4.17398;36.4226;38.2501;57.945;25.89059665;53.94872248;53.5767;12.84395696;96.834
DEU;Germany;Europe & Central Asia;High income;2013;81.9706;14.8399;53.01;5.16021;14.5983;115.947;0.86792;53.1549;1.3781;0.140526;3.69562;46.198;34.6782;54.3351;24.27764532;50.5877855;53.9955;12.944356;75.7166
DEU;Germany;Europe & Central Asia;High income;2014;79.7429;16.3863;51.9698;5.15816;14.519;123.057;1.06681;11.0155;1.62348;0.169239;3.72012;47.3645;33.276;49.2053;21.98558245;45.81177107;54.7065;13.11480422;69.0686
DEU;Germany;Europe & Central Asia;High income;2015;77.524;16.8435;58.1813;5.14059;14.0562;121.104;1.08576;11.7742;1.64124;-0.063741;-1.29439;47.1231;37.2515;51.0098;22.79185705;47.49182059;54.7636;13.12849282;91.1451
GRC;Greece;Europe & Central Asia;High income;2004;57.2364;0.011373;16.2397;1.830776;34.0567;64.40513386;6.72748;27.6279;5.42802;1.06586;17.1162;50.3003;16.0007;33.2535;2.32417;64.0119;39.9474;9.576601137;32.9736
GRC;Greece;Europe & Central Asia;High income;2005;66.051;0.011373;13.7867;1.921528;35.1995;66.5663;3.6245;21.6896;2.34261;1.01035;16.5114;54.5221;17.9487;32.9942;3.89244;58.2254;42.4044;10.16561842;36.3901
GRC;Greece;Europe & Central Asia;High income;2006;70.8046;0.011373;10.7256;1.943789;38.0164;70.9164;3.1917;24.129;2.06343;0.822537;12.5326;63.3028;24.7881;44.1624;6.17866;49.4607;44.1101;10.57452635;50.0211
GRC;Greece;Europe & Central Asia;High income;2007;77.2898;0.011373;9.10849;1.998939;40.0437;76.5031;3.11117;26.1122;2.11127;1.08898;15.6328;75.4112;33.6319;50.5611;8.40693;48.032;39.0762;9.367748123;50.5963
GRC;Greece;Europe & Central Asia;High income;2008;85.647;0.013284;3.51626;1.952737;42.4653;80.1301;2.63775;17.1179;1.64151;0.36148;6.02819;53.3163;30.1363;49.454;10.9447;50.6729;42.0123;10.07162018;43.2845
GRC;Greece;Europe & Central Asia;High income;2009;88.9632;0.019834;3.46477;2.23692;42.087;79.8609;2.45369;21.9752;1.64724;-0.023936;-0.392787;29.8396;20.6849;63.5924;13.4333;54.6011;40.8101;9.783416444;60.2343
GRC;Greece;Europe & Central Asia;High income;2010;102.004;0.023644;2.81953;2.30379;41.1149;78.2067;2.33741;18.6839;1.46598;-0.520272;-7.63133;29.4931;16.3566;89.5497;23.5175;55.605;36.5229;8.755644815;46.0303
GRC;Greece;Europe & Central Asia;High income;2011;119.208;0.032881;1.935;2.14266;39.46;74.396;2.0478;15.1195;1.45884;-8.52221;-46.6106;18.2493;11.4314;93.1826;34.0871;53.2606;40.3028;9.661801276;43.7545
GRC;Greece;Europe & Central Asia;High income;2012;121.38;0.046184;2.30748;2.240863;37.5883;72.7167;1.78059;40.1607;1.49074;-3.08684;-85.0642;15.4428;7.3802;84.7483;31.00175115;48.43978712;43.4061;10.40575623;39.7421
GRC;Greece;Europe & Central Asia;High income;2013;119.984;0.563726;2.50348;2.148634;32.4762;62.068;1.89131;15.3427;1.52037;1.62748;33.227;26.7658;8.21192;80.5886;29.4800925;46.06221751;9.71245;2.328368297;37.3994
GRC;Greece;Europe & Central Asia;High income;2014;118.507;0.561255;2.31867;2.14141;28.1675;59.4324;2.71639;5.64965;1.88033;-0.95923;-11.0124;29.1382;12.1291;75.7178;27.69830655;43.27820278;28.8468;6.91545126;48.0457
GRC;Greece;Europe & Central Asia;High income;2015;115.038;0.561255;2.07359;1.930999;26.8197;58.6917;2.36117;4.63048;1.59375;-2.40863;-25.4157;22.5889;11.6715;79.5932;29.11596551;45.49327437;21.0957;5.057277936;40.7654
HKG;Hong Kong SAR, China;East Asia & Pacific;High income;2004;141.787;22.6202;325.972;8.53583;23.5386;46.27922622;3.1874;34.2265;1.54314;2.47084;49.7027;464.721;199.458;29.3925;18.0632;10.2426;47.8383;11.46828875;51.3752
HKG;Hong Kong SAR, China;East Asia & Pacific;High income;2005;138.825;24.5069;367.676;9.053822;23.1829;45.57988468;1.23295;44.1672;0.808037;1.37666;25.8335;526.929;226.935;30.3425;17.6735;9.82832;48.4198;11.60769191;44.0237
HKG;Hong Kong SAR, China;East Asia & Pacific;High income;2006;135.732;27.4738;470.33;9.716873;22.9944;45.20927495;1.4477;34.2278;0.649669;1.60444;23.8445;714.662;303.437;31.5242;17.1239;9.35732;53.0737;12.72337263;54.6257
HKG;Hong Kong SAR, China;East Asia & Pacific;High income;2007;129.334;30.5147;509.062;11.288464;23.3449;45.89839278;2.64908;42.0356;1.41798;1.55268;21.5705;1017.2;642.591;30.1905;15.7308;8.69598;57.9223;13.88572883;93.6558
HKG;Hong Kong SAR, China;East Asia & Pacific;High income;2008;136.701;27.4759;286.531;10.3248;23.7279;46.65140883;2.69214;46.5413;1.93893;1.16477;19.0219;915.992;822.317;30.3243;14.5065;9.20522;51.4069;12.32379021;78.0755
HKG;Hong Kong SAR, China;East Asia & Pacific;High income;2009;148.575;31.1833;433.022;10.344559;23.4856;46.17502295;2.35117;43.7246;3.26401;1.15824;17.9017;841.213;692.471;35.6884;14.1236;21.4481;59.7211;14.31695565;78.4894
HKG;Hong Kong SAR, China;East Asia & Pacific;High income;2010;163.847;34.2462;519.625;10.689284;23.8786;46.9477;2.1959;49.5103;3.11956;1.21471;17.0472;1086.34;628.644;36.4355;14.3407;34.6468;63.0707;15.11995618;59.8922
HKG;Hong Kong SAR, China;East Asia & Pacific;High income;2011;186.324;31.9724;407.974;11.153923;23.8804;49.7173;2.07129;58.6378;2.88062;1.14865;16.6389;1003.53;589.421;33.4987;15.2842;36.0144;62.7449;15.04185205;57.6185
HKG;Hong Kong SAR, China;East Asia & Pacific;High income;2012;194.401;34.4315;471.244;11.9384;23.3647;48.64364916;1.54422;52.5848;2.64066;1.14218;16.6719;964.35;478.7;42.1299;19.22229273;45.29378963;63.6013;15.24715706;42.5136
HKG;Hong Kong SAR, China;East Asia & Pacific;High income;2013;203.134;37.3693;467.852;13.011956;22.9708;47.82357728;1.44726;47.4561;1.80156;1.29841;17.2659;1073.85;423.91;42.5772;19.42637894;45.77468116;64.7466;15.52172014;42.8017
HKG;Hong Kong SAR, China;East Asia & Pacific;High income;2014;219.117;37.3364;453.966;14.048672;22.7408;47.34473358;2.69446;5.77466;1.82114;1.80963;20.1735;1084.31;464.771;43.8157;19.99146003;47.10619057;66.4558;15.93146713;45.9473
HKG;Hong Kong SAR, China;East Asia & Pacific;High income;2015;212.184;37.2626;408.656;14.604003;22.3263;49.7521;1.50036;6.45094;1.03903;1.29243;13.8627;1029.13;563.195;40.983;18.69900529;44.06075923;66.8944;16.03661282;65.0027
HUN;Hungary;Europe & Central Asia;High income;2004;42.266;6.24648;4.75636;2.77983;13.7884;38.7109;5.29184;40.9081;4.63958;2.23105;24.2262;22.9789;11.7719;14.7792;4.86215;44.8899;4.65297;0.719817057;59.8861
HUN;Hungary;Europe & Central Asia;High income;2005;46.6255;7.63011;7.74607;3.00905;14.807;41.4291;4.16195;42.5066;3.67475;1.81522;19.3497;27.6346;16.3983;16.0215;5.53664;42.1077;4.46005;0.689972225;71.2362
HUN;Hungary;Europe & Central Asia;High income;2006;50.5334;8.92579;9.07404;3.33303;16.1275;44.6878;4.48401;58.0088;5.40955;2.03296;21.2239;31.6133;22.5462;22.4585;6.16534;41.6269;4.10807;0.635520722;85.3803
HUN;Hungary;Europe & Central Asia;High income;2007;56.7673;10.8717;11.4201;3.57972;17.2967;50.226;3.96045;57.1056;5.53145;1.6852;17.711;34.2376;29.9032;23.1128;6.96417;47.3408;3.63986;0.563088374;99.2199
HUN;Hungary;Europe & Central Asia;High income;2008;64.0719;10.0688;7.20012;3.23126;17.9392;54.1337;3.5776;60.2656;5.81816;1.17334;13.2164;22.0585;25.3296;22.8293;6.6141;45.0448;5.20245;0.804821919;79.4435
HUN;Hungary;Europe & Central Asia;High income;2009;66.4395;12.9688;10.3925;3.0833;17.6034;55.5725;3.54093;42.2878;3.02201;0.926842;10.3476;17.6791;19.7047;28.7115;7.23429;50.0698;3.5355;0.546943824;118.406
HUN;Hungary;Europe & Central Asia;High income;2010;60.4643;14.653;12.8359;3.05341;16.7416;56.5513;3.6495;37.1193;2.92692;0.160077;1.6926;22.1038;20.5399;26.4394;19.4144;40.3285;4.41171;0.682494;91.9228
HUN;Hungary;Europe & Central Asia;High income;2011;59.3409;3.76943;10.1589;2.81781;16.4128;57.609;3.61142;37.6653;3.10868;-0.928965;-9.69771;17.108;15.5387;25.4114;16.4275;29.5308;4.4387;0.930996;65.3064
HUN;Hungary;Europe & Central Asia;High income;2012;55.5597;3.88111;10.5421;2.57514;16.0663;56.4442;3.3944;38.2728;3.62964;-0.875791;-8.42101;14.9562;9.996;28.0516;20.5487;44.7895;3.65092;0.805209;57.5733
HUN;Hungary;Europe & Central Asia;High income;2013;47.8449;3.94945;13.5412;2.57994;15.411;57.1258;3.44476;47.8943;4.74516;-0.474718;-4.17537;15.2227;8.17634;31.508;24.6349;47.7337;3.23021;0.359794;52.7882
HUN;Hungary;Europe & Central Asia;High income;2014;43.7914;4.06069;14.9992;2.50292;15.513;57.8771;4.7781;9.02104;6.10708;-2.36338;-21.9707;12.1333;6.33475;27.8757;5.00576;46.1272;3.53639;0.406591;42.0902
HUN;Hungary;Europe & Central Asia;High income;2015;39.2378;4.09735;15.2911;2.43571;15.1461;57.3149;4.08642;15.1899;4.4451;0.056725;0.580261;12.3141;5.52936;28.4679;5.18581;51.2687;3.84257;0.303347;49.6427
ISL;Iceland;Europe & Central Asia;High income;2004;135.779;100.835;28.6836;2.566901;90.7784;105.761;2.73697;54.2213;2.17006;2.74061;16.683;10.0543;0.736772;210.554;87.09;16.1679;51.76734589;12.4102;75.7308
ISL;Iceland;Europe & Central Asia;High income;2005;191.403;114.22;36.1197;2.472764;86.0368;111.113;2.77677;59.11;2.32711;3.11438;34.7903;14.0607;0.856085;250.502;90.1498;12.8844;73.93809603;17.7252;73.0018
ISL;Iceland;Europe & Central Asia;High income;2006;262.458;124.186;37.8204;2.480922;77.4706;106.101;1.74072;55.4788;1.59893;2.10786;27.596;17.9206;1.36728;329.93;96.297;10.9033;92.18360141;22.0992;102.297
ISL;Iceland;Europe & Central Asia;High income;2007;259.974;122.692;50.7187;2.573208;73.2605;106.412;2.22193;46.2008;1.94366;1.59846;22.9598;18.6177;1.9211;303.203;123.751;10.3092;88.36097198;21.1828;121.94
ISL;Iceland;Europe & Central Asia;High income;2008;212.139;107.521;13.705;2.463334;69.6995;99.7424;2.24179;78.8297;0.370905;0.30503113;11.7309;10.6207;1.50222;306.376;51.1371;14.2902;92.481019;22.1705;81.9703
ISL;Iceland;Europe & Central Asia;High income;2009;185.345;116.568;12.3141;2.684331;60.9105;82.0102;7.56881;50.56;2.45172;0.576989854;22.1899;20.1941;4.54972;384.548;63.0208;29.0651;55.8085543;13.379;15.4684
ISL;Iceland;Europe & Central Asia;High income;2010;169.844;122.619;17.5349;2.686019;57.6524;81.5086;8.92962;24.2731;5.59876;-2.51055;21.0316;11.8219;2.11215;310.058;65.9188;50.662;33.29387597;7.98155;9.58571
ISL;Iceland;Europe & Central Asia;High income;2011;150.261;127.161;18.4858;2.456264;52.2743;76.0353;5.89807;35.7236;1.96564;7.55842;5.40526;14.1307;2.45415;232.756;63.7604;47.3906;29.07922263;6.97117;27.4497
ISL;Iceland;Europe & Central Asia;High income;2012;129.906;136.609;19.0702;2.470612;47.1868;73.926;3.90413;52.4752;2.57999;5.09725;15.4485;16.6326;4.30092;172.578;63.5718;48.8688;26.41043161;6.33138;29.0654
ISL;Iceland;Europe & Central Asia;High income;2013;114.592;143.087;19.4856;2.36233;43.1523;72.3092;3.34018;47.5577;5.83533;2.63608;12.9599;15.64894382;4.0465625;134.798;68.6115;50.6876;32.10800155;7.69726;20.3923025
ISL;Iceland;Europe & Central Asia;High income;2014;102.411;147.058;18.7895;2.271628;40.3017;71.3915;2.73564;65.2713;2.15213;6.69454;15.0468;14.66528763;3.792205;115.259;57.9361;43.8536;41.48136923;9.94434;21.62327813
ISL;Iceland;Europe & Central Asia;High income;2015;91.0524;149.607;18.0934;2.202238;37.1774;68.285;3.07165;91.6006;2.36588;7.359443108;18.3947;13.68163145;3.5378475;96.2091;61.3934;44.9055;46.72084099;11.2004;24.63267016
IRL;Ireland;Europe & Central Asia;High income;2004;92.4839;43.7834;241.141;8.43028;35.6955;90.3012;0.594696;57.3529;0.241033;1.67418;17.988;53.6185;3.28349;59.3813;62.7116;21.956;15.699;3.763525567;5.74987
IRL;Ireland;Europe & Central Asia;High income;2005;110.631;43.4932;258.413;8.15015;34.3862;88.6454;2.67841;40.9635;2.52631;1.41807;28.2483;54.0109;3.25705;70.7557;80.9898;19.7308;18.3454;4.397947764;6.8276
IRL;Ireland;Europe & Central Asia;High income;2006;129.755;49.7765;368.292;9.30465;33.7099;89.5217;1.02156;28.27;0.22342;0.753411;18.5449;59.9451;4.29338;99.7412;96.5094;17.5929;19.3897;4.648298089;8.67967
IRL;Ireland;Europe & Central Asia;High income;2007;147.16;47.2124;352.322;10.1791;32.9279;92.3692;0.857387;18.5819;0.380531;0.941133;24.6544;60.0618;6.99126;138.035;102.514;18.011;22.5331;5.401866231;15.2048
IRL;Ireland;Europe & Central Asia;High income;2008;168.602;32.1535;262.063;7.78761;33.4732;95.2698;0.124763;18.5819;0.108739;0.384787;10.6812;37.7035;8.1294;165.86;95.3215;21.6614;18.7542;4.4959495;16.9433
IRL;Ireland;Europe & Central Asia;High income;2009;174.39;44.1189;365.009;7.62423;34.1214;94.2849;0.536515;79.661;0.256762;-2.83039;-74.2986;22.8044;5.53615;223.689;103.976;24.7063;22.6883;5.43907237;18.3779
IRL;Ireland;Europe & Central Asia;High income;2010;152.666;45.5775;561.263;7.66987;27.9639;90.3086;0.802508;21.7055;0.312808;-4.4479;-101.476;26.8217;4.13047;211.492;119.152;28.3987;22.3102;5.348430353;14.9391
IRL;Ireland;Europe & Central Asia;High income;2011;122.755;38.883;550.512;6.55723;26.9996;88.3019;1.19517;61.3408;0.708551;-1.20648;-19.7839;35.8181;3.65994;165.825;113.472;29.4117;12.0032;2.877530422;9.48286
IRL;Ireland;Europe & Central Asia;High income;2012;112.696;47.034;700.278;6.9664;24.4808;84.769;0.755921;63.5068;0.860481;-1.22304;-14.2109;46.5475;3.76521;186.597;127.6860231;33.09594443;15.3814;3.687387232;8.9181
IRL;Ireland;Europe & Central Asia;High income;2013;106.538;52.7384;757.272;7.48604;22.9058;85.0867;0.858311;65.4157;1.18404;-1.4462;-14.5991;59.2681;5.15395;180.879;123.7732663;32.08176623;7.81463;1.873403389;10.5077
IRL;Ireland;Europe & Central Asia;High income;2014;89.6787;51.0709;788.28;6.99729;21.4228;84.7236;2.62662;40.0306;2.14817;1.20104;11.5814;61.5025;6.17461;126.578;86.6157625;22.45062061;9.6171;2.305510016;10.5155
IRL;Ireland;Europe & Central Asia;High income;2015;82.89307086;49.4034;728.634;5.64246;20.1381;72.1226;1.66747;37.1128;1.35934;0.995053;8.62187;61.28605729;6.15288;102.011;69.80486773;18.0932726;8.95044;2.145691431;16.8198
ISR;Israel;Middle East & North Africa;High income;2004;78.1739;25.391;16.6639;4.27399;19.7891;68.7734;2.52563;33.8895;2.18566;0.773525;11.5966;60.3779;17.8876;12.0019;8.13948;43.2348;54.2279;7.75616;37.0349
ISR;Israel;Middle East & North Africa;High income;2005;79.8371;28.7341;19.4869;4.19096;19.6009;58.1427;2.58052;35.2149;2.37072;0.848256;13.2268;74.782;25.3543;10.6976;14.6615;39.3328;52.4198;12.8188;39.7326
ISR;Israel;Middle East & North Africa;High income;2006;80.9122;30.9361;16.257;4.30249;19.4049;76.8945;2.44625;40.4138;2.60762;1.11504;17.6201;93.0324;34.55;10.9739;20.1593;41.1267;60.6971;16.9212;43.9412
ISR;Israel;Middle East & North Africa;High income;2007;83.3523;32.505;16.386;4.11388;19.4521;81.5179;2.44395;39.8596;2.47687;1.10001;16.4821;113.685;46.5154;8.54017;28.589;38.9935;59.4565;24.2677;48.767
ISR;Israel;Middle East & North Africa;High income;2008;90.3014;37.3243;12.6619;4.18164;19.8186;87.4394;2.09051;32.2124;2.32852;0.060527;0.919583;88.2028;48.8345;8.02337;22.4639;38.1209;36.2893;17.6833;50.2072
ISR;Israel;Middle East & North Africa;High income;2009;88.3782;45.5464;16.3385;4.10053;19.6735;101.199;2.29253;44.0448;2.22424;0.584674;8.70351;68.6503;40.2571;8.35744;32.108;46.1192;43.6388;22.3361;55.6876
ISR;Israel;Middle East & North Africa;High income;2010;85.0734;47.9435;17.9154;3.93473;21.5429;120.875;2.71836;36.709;2.40308;0.705584;9.82092;90.658;40.7941;8.7101;33.8401;46.0329;47.7588;23.808;51.0728
ISR;Israel;Middle East & North Africa;High income;2011;86.2225;43.0277;15.2212;3.95758;21.8636;122.422;2.42506;34.2988;2.24188;0.656183;9.36041;76.1154;36.5712;9.81004;29.2615;40.7165;45.5331;21.178;38.5081
ISR;Israel;Middle East & North Africa;High income;2012;75.8362;50.2994;17.1222;3.87783;21.8388;122.765;2.42685;35.5068;2.24536;0.554572;8.00635;59.8652;23.7738;12.8669;33.2144;47.5574;46.2779;20.1526;32.9376
ISR;Israel;Middle East & North Africa;High income;2013;64.7966;52.0522;21.7906;4.10972;21.4762;123.042;2.42512;40.0706;2.38115;0.635797;8.81289;64.1805;18.7516;11.1407;26.5983;46.8664;49.291;22.0152;29.5238
ISR;Israel;Middle East & North Africa;High income;2014;64.561;49.729;23.6726;4.56361;20.8464;123.073;2.26721;2.48744;2.36709;0.473089;6.79944;65.5874;16.7136;12.3904;21.7886;41.2952;40.7913;20.5118;23.3567
ISR;Israel;Middle East & North Africa;High income;2015;64.6252;40.31715455;19.6907;4.679850909;20.0567;101.474;2.18914;3.39212;2.14265;0.601887;8.89487;71.4625;16.6622;14.9191;22.5186;43.1608;36.7171;20.3153;26.3454
ITA;Italy;Europe & Central Asia;High income;2004;65.257;1.46513;24.4121;6.89622;56.1823;74.232;2.52662;46.6814;3.21123;2.02328;15.3592;40.8262;47.5219;35.9977;31.54;86.0607;43.0704;10.32527878;122.613
ITA;Italy;Europe & Central Asia;High income;2005;68.3227;1.27556;23.0893;7.28934;56.733;75.3903;3.68599;47.456;3.86286;1.53284;17.4148;42.9747;52.8762;34.3581;28.6435;79.1573;45.5282;10.91448785;132.48
ITA;Italy;Europe & Central Asia;High income;2006;72.0527;1.24355;19.3592;6.77563;57.9676;79.9535;2.31675;45.3277;2.22664;1.06758;12.7313;47.2588;58.6787;41.5617;27.4098;77.1273;45.5291;10.91470361;131.684
ITA;Italy;Europe & Central Asia;High income;2007;77.1828;1.42327;15.2527;6.01554;59.1317;87.3427;2.1627;38.8724;1.86254;0.848411;9.42777;49.764;79.9012;45.0681;29.0814;81.1067;40.3909;9.682921513;201.907
ITA;Italy;Europe & Central Asia;High income;2008;82.9192;1.28383;13.2058;5.47696;62.5722;99.1761;1.87852;34.3019;1.58207;0.513434;5.50679;35.3877;79.4383;44.9066;31.6641;80.1763;39.6641;9.50868555;163.639
ITA;Italy;Europe & Central Asia;High income;2009;87.251;1.64687;13.9233;7.37457;59.662;106.903;1.65035;38.4122;1.45721;0.23456;2.53409;26.3171;51.2941;55.4622;37.6624;86.7741;38.0564;9.123271189;161.166
ITA;Italy;Europe & Central Asia;High income;2010;89.5896;1.90952;13.0271;7.75903;58.4036;99.947;1.56747;45.4956;1.49986;0.302452;3.0561;27.3505;36.5435;54.8013;39.1242;93.2203;36.4487;8.737856828;114.557
ITA;Italy;Europe & Central Asia;High income;2011;93.1758;1.93;10.2939;6.617;57.9589;101.531;1.43244;41.4826;1.72464;-1.06625;-11.3436;21.9294;34.0037;50.4535;37.7922;91.1599;34.841;8.352442467;169.61
ITA;Italy;Europe & Central Asia;High income;2012;95.5499;3.83981;10.0626;6.35276;56.4271;99.2416;1.4461;49.1765;1.7798;-0.066312;-0.750066;21.3389;37.965;53.3931;39.99410772;96.47119936;33.2333;7.967028106;176.933
ITA;Italy;Europe & Central Asia;High income;2013;92.962;4.11106;11.6148;7.25899;53.2533;92.3688;1.21666;41.1787;1.5279;-1.29657;-14.8535;26.1981;37.1637;54.542;40.8546914;98.54704363;31.6256;7.581613745;137.955
ITA;Italy;Europe & Central Asia;High income;2014;90.0106;4.92918;14.0808;8.51943;50.7776;92.3926;1.93928;7.2497;2.14231;-0.010673;-0.144988;28.0218;65.8428;46.6574;34.94873086;84.30106768;30.0179;7.196199384;341.236
ITA;Italy;Europe & Central Asia;High income;2015;88.4169;5.27825;16.3998;8.63607;49.4912;96.1329;1.55966;7.51371;1.86906;0.333757;4.93328;29.8455;65.8428;48.9014;36.62959932;88.35554984;28.4102;6.810785023;168.5254545
JPN;Japan;East Asia & Pacific;High income;2004;175.991;25.0136;56.777;6.95437;34.5889;124.307;1.38867;27.9388;0.983649;-0.148219;-1.21727;69.8628;61.8539;6.17707;72.3298;133.984;78.4434;9.36033;102.785
JPN;Japan;East Asia & Pacific;High income;2005;180.042;30.7599;70.0532;7.1934;34.3739;123.863;1.22651;29.1398;0.863985;0.060564;1.12379;84.7512;81.246;5.75526;70.0029;127.016;69.8747;6.55939;107.628
JPN;Japan;East Asia & Pacific;High income;2006;186.59;30.1962;70.8524;7.03129;34.1128;124.106;1.1382;28.2181;0.805517;0.501142;10.5452;98.9617;106.26;7.01448;71.6547;133.33;62.5394;6.31094;122.644
JPN;Japan;East Asia & Pacific;High income;2007;179.384;28.6564;71.7384;6.87813;33.8957;125.121;1.1958;28.8181;0.879757;0.435556;8.27796;98.1964;132.702;7.90832;75.7572;140.578;57.0432;6.94282;148.536
JPN;Japan;East Asia & Pacific;High income;2008;177.858;28.531;57.6605;7.1289;33.8402;125.416;1.2494;26.7074;0.922156;0.279049;5.72035;80.3854;136.887;7.86778;83.4478;166.332;58.4978;6.76253;153.311
JPN;Japan;East Asia & Pacific;High income;2009;182.091;30.1397;65.798;7.74728;33.7988;132.744;1.13;22.6155;0.848703;-0.134653;-3.30918;64.4049;102.147;7.41719;76.2502;165.215;66.2643;6.61998;114.807
JPN;Japan;East Asia & Pacific;High income;2010;174.841;29.2121;14.2939;7.77086;33.793;130.83;1.11899;21.2055;0.852542;0.219135;5.13164;64.611;73.7627;6.86785;77.5926;183.614;66.1507;6.21025;115.95
JPN;Japan;East Asia & Pacific;High income;2011;174.292;29.8996;12.6216;8.39306;33.8711;128.467;1.12644;24.353;0.85316;0.256319;6.22832;61.2892;73.2641;6.18413;72.427;190.586;70.3203;5.83703;114.214
JPN;Japan;East Asia & Pacific;High income;2012;172.489;30.505;12.4022;8.6548;33.9243;127.815;1.02372;26.126;0.799293;0.277419;5.56329;55.0323;61.9185;6.32344;64.6727;177.619;70.7502;5.46335;98.0268
JPN;Japan;East Asia & Pacific;High income;2013;174.093;30.8923;15.7357;8.41381;33.8886;128.235;0.876758;28.5046;0.690169;0.2926;5.74437;71.4735;85.2199;7.99805;61.0491;182.403;81.8038;5.18706;165.08
JPN;Japan;East Asia & Pacific;High income;2014;177.227;32.2422;16.965;8.9228;33.8809;127.454;0.914314;17.9051;0.815433;0.331017;5.99992;88.8889;108.58;8.95834;56.5571;177.548;83.5941;4.98776;112.407
JPN;Japan;East Asia & Pacific;High income;2015;175.641;32.058;16.86807879;9.23717;34.1368;127.636;0.977156;19.9025;0.861909;0.340671;6.03329;99.7945;112.202;10.5952;62.7582;202.46;83.7523;4.54655;127.376
KOR;Korea, Rep.;East Asia & Pacific;High income;2004;86.1087;1.66577;23.1954;8.69506;16.8059;208.261;4.06766;23.9996;2.09803;1.13293;22.6926;50.7657;65.9955;9.18481;62.4271;22.6079;50.4255;34.3444;135.418
KOR;Korea, Rep.;East Asia & Pacific;High income;2005;85.9334;1.65174;22.1563;9.36801;17.2882;211.6;2.95664;21.7407;1.83048;1.07541;19.7582;67.0105;99.8973;8.89417;55.7584;24.5489;61.6234;30.4253;199.34
KOR;Korea, Rep.;East Asia & Pacific;High income;2006;86.7885;2.69369;24.8993;9.8086;17.8244;218.243;4.81025;13.7515;0.231026;-0.069961;-1.20694;79.8148;130.657;9.48969;57.2324;28.151;61.6847;25.8072;165.841
KOR;Korea, Rep.;East Asia & Pacific;High income;2007;87.3246;2.63427;29.3921;10.3157;18.3604;234.9;1.90266;17.2532;1.17771;0.488998;11.849;88.3204;146.856;9.68863;55.0624;26.5453;68.4938;24.0897;193.422
KOR;Korea, Rep.;East Asia & Pacific;High income;2008;94.5503;2.42364;22.15;9.90847;18.7876;242.972;1.70984;14.1394;1.09918;0.034692;0.848848;72.0328;141.998;10.4682;50.1129;23.1827;66.819;25.9587;164.452
KOR;Korea, Rep.;East Asia & Pacific;High income;2009;97.3961;3.59697;29.334;10.33566;18.2889;248.405;2.05814;22.0644;1.43828;0.177965;4.3232;68.7872;150.438;13.733;71.2998;32.3334;66.3471;31.0041;271.666
KOR;Korea, Rep.;East Asia & Pacific;High income;2010;91.3681;3.73471;24.3486;10.532;18.2622;266.587;4.97753;16.5912;2.35584;1.22772;15.51;92.3361;160.452;12.1118;64.7537;30.1577;67.9939;34.337;161.263
KOR;Korea, Rep.;East Asia & Pacific;High income;2011;91.7707;3.97697;18.8544;11.07728;18.3129;282.652;2.66575;17.7578;1.23313;0.889985;11.3544;89.7223;152.318;12.4809;61.7206;29.5042;64.8338;36.2073;179.298
KOR;Korea, Rep.;East Asia & Pacific;High income;2012;90.8641;5.20456;21.8827;13.17513;18.412;290.014;2.51081;20.3819;1.51126;0.595341;7.65412;88.5246;143.165;13.4101;70.764;33.5225;62.3231;38.9322;146.392
KOR;Korea, Rep.;East Asia & Pacific;High income;2013;111.779;6.24649;21.8421;9.04135;18.1182;290.143;2.23311;20.7395;1.47209;0.394733;4.97449;94.0608;113.815;13.967;72.3595;35.1007;64.84265;39.2817;108.289
KOR;Korea, Rep.;East Asia & Pacific;High income;2014;134.703;6.99932;23.394;12.43247;17.3329;283.031;2.03511;14.5726;1.85551;0.43478;5.68894;89.0002;95.0656;13.2782;67.005;34.15;67.3622;34.7801;102.198
KOR;Korea, Rep.;East Asia & Pacific;High income;2015;136.564;7.096019662;24.9147;12.49896;16.9246;278.732;1.7077;22.3341;1.7735;0.350752;4.88193;85.8542;110.419;12.8028;67.2857;36.2291;71.1702;34.3075;155.857
LUX;Luxembourg;Europe & Central Asia;High income;2004;66.6895;0.34;27.7;3.95316;110.939;106.641;0.729789;54.5375;0.659979;0.686678;15.8425;132.789;1.03023;180.606;2.8368848;1.58364;8.65402;4.1716588;0.869406
LUX;Luxembourg;Europe & Central Asia;High income;2005;67.6143;1.11518;34.41;4.50697;105.407;106.992;0.67533;62.4814;0.843402;0.652778;14.9839;137.568;0.848671;181.12;2.844958501;1.10735;7.11668;3.430586103;0.445653
LUX;Luxembourg;Europe & Central Asia;High income;2006;71.0589;1.10197;39.13;5.63805;100.619;105.546;0.838118;61.9036;0.830235;0.995905;22.4824;157;0.562451;192.03;3.016328296;0.500645;4.93167;2.377304947;0.365281
LUX;Luxembourg;Europe & Central Asia;High income;2007;80.0407;1.05137;41.05;5.14486;97.5442;105.949;0.809915;56.3344;0.772057;0.877019;19.8384;249.955;0.503428;192.548;3.024464827;0.333763333;3.47475;1.674998604;0.193989
LUX;Luxembourg;Europe & Central Asia;High income;2008;97.7819;1.03955;34.51;4.90734;94.5797;107.307;0.919536;48.2038;0.689522;0.12679;4.66309;224.669;1.87437;176.861;2.77805988;0.166881667;4.84145;2.333814516;1.44532
LUX;Luxembourg;Europe & Central Asia;High income;2009;110.804;2.33776;42.25;4.95331;90.9264;107.058;0.92156;43.7334;0.66316;0.377396;7.65488;166.726;1.97846;185.297;2.9105691;0.005638;2.78856;1.344221629;0.334351
LUX;Luxembourg;Europe & Central Asia;High income;2010;96.5868;2.27701;50.75;5.21791;88.6215;105.627;0.786221;53.1404;0.705347;0.528827;9.6069;192.395;0.427141;166.177;2.61024;0.008256;3.38173;1.630158437;0.176546
LUX;Luxembourg;Europe & Central Asia;High income;2011;87.4685;2.28378;47.74;3.8111;85.9533;106.04;0.80951;46.6753;0.817592;0.093291;2.18863;149.287;0.265717;150.109;3.2175;0.014186;5.02853;2.423996181;0.140058
LUX;Luxembourg;Europe & Central Asia;High income;2012;87.3093;2.48562;53.91;4.45281;82.9823;100.715;0.873671;45.3328;0.765192;0.473581;7.67276;119.067;0.204823;153.314;3.28619733;0.014186;4.67678;2.254435562;0.172438
LUX;Luxembourg;Europe & Central Asia;High income;2013;90.0817;2.607;62.42;4.63695;81.7298;97.8985;0.845791;48.8424;0.805859;0.452132;6.67818;122.687;0.193275;184.839;3.961917557;0.014186;1.860098279;0.896657895;0.157676
LUX;Luxembourg;Europe & Central Asia;High income;2014;91.1257;3.6641;56.75;5.6746;79.5913;105.259;0.780757;21.4995;0.9495;0.525929;7.49583;109.657;0.177891;189.599;4.063945416;0.014186;0.795461099;0.383450962;0.155259
LUX;Luxembourg;Europe & Central Asia;High income;2015;90.5795;4.52237;57.15;5.51668;76.8815;108.39;0.820727;22.9303;0.98239;0.565973;7.77926;87.0448;0.163924;247.029;5.294924405;0.014186;0.855289323;0.412291078;0.190731
NZL;New Zealand;East Asia & Pacific;High income;2004;105.702;10.7889;10.9043;2.412834;35.0194;59.0541;1.46028;12;0.063195;-0.049654;-1.22561;38.6794;4.51039;11.0172;34.00035;22.6669;43.969;10.54070041;12.6658
NZL;New Zealand;East Asia & Pacific;High income;2005;113.309;10.9237;9.00612;2.385208;35.1587;62.2679;4.81698;28.7248;3.10794;2.15469;27.6405;37.9114;4.72825;6.5341;28.56196457;19.0262;40.06;9.603594766;12.5453
NZL;New Zealand;East Asia & Pacific;High income;2006;122.631;11.115;11.5507;2.342319;35.3589;69.4723;2.38821;32.0577;1.61461;1.13208;17.319;37.0857;4.70961;6.32049;25.65817814;17.0009;42.4337;10.17264252;13.0632
NZL;New Zealand;East Asia & Pacific;High income;2007;127.306;10.268;10.8688;2.341141;35.1435;69.6568;2.53116;28.4027;1.38669;1.36411;22.9825;35.9719;4.41946;7.21169;24.62962027;15.8466;50.1145;12.0139628;12.0463
NZL;New Zealand;East Asia & Pacific;High income;2008;140.004;11.5432;7.96236;2.468763;34.9935;71.7976;1.77227;34.1871;1.16461;0.864799;14.2168;26.5334;3.42351;5.73859;20.65751904;12.8051;42.9638;10.29972353;9.32515
NZL;New Zealand;East Asia & Pacific;High income;2009;142.265;10.1952;14.5517;2.524985;35.702;72.5765;2.12655;23.8975;1.10157;0.317922;5.37259;23.5599;2.5779;8.136;38.39469135;23.6405;44.7882;10.73708745;11.5327
NZL;New Zealand;East Asia & Pacific;High income;2010;139.224;13.1496;13.3453;2.556871;34.4956;72.2298;1.88101;23.8913;1.10828;0.680138;11.5788;52.4381;1.96885;9.61133;44.98395864;27.5522;47.3753;11.35729364;23.8526
NZL;New Zealand;East Asia & Pacific;High income;2011;150.3897868;14.2042;14.0738;2.744059;33.9257;76.4046;1.99756;23.8549;1.17056;0.780896;12.703;64.32189717;2.49374;11.7895;47.4227917;28.9533;49.9624;11.97749983;27.8593
NZL;New Zealand;East Asia & Pacific;High income;2012;144.8068934;16.0837;17.6343;2.868775;33.3491;74.8858;2.0743;21.8793;1.15765;0.884595;13.6136;72.97816945;3.01863;13.3761;55.7360191;33.5349;52.5495;12.59770602;10.1444
NZL;New Zealand;East Asia & Pacific;High income;2013;147.5983401;17.8487;18.0357;2.94773;30.8792;72.5039;1.84732;22.2736;0.955191;0.90684;12.7014;68.02806493;3.7423;12.4688;47.51566289;28.4055;55.0861;13.20580583;14.7946
NZL;New Zealand;East Asia & Pacific;High income;2014;146.2026168;20.0205;20.9119;3.002616;29.6282;70.8851;2.32891;7.41673;1.18806;1.22469;15.7686;55.32135993;4.41056;10.1398;44.19972248;26.0827;56.9301;13.64786846;12.235
NZL;New Zealand;East Asia & Pacific;High income;2015;146.9004784;23.13588928;24.166;2.980543;29.0424;69.4836;2.05185;8.41441;1.01384;1.07715;13.5483;63.6595554;4.7114;11.6681;43.92755468;25.6063;56.6036;13.56959652;13.2034
NOR;Norway;Europe & Central Asia;High income;2004;82.0608;6.62213;11.3132;5.63967;13.1339;59.1566;1.37269;30.6359;1.14089;0.563534;9.00052;45.8197;27.0157;28.1942;26.3626;15.6884;26.0784;17.9158;75.5608
NOR;Norway;Europe & Central Asia;High income;2005;82.466;6.72071;12.9926;5.50684;12.0848;58.7821;1.68918;34.2058;1.36093;0.977319;14.8041;54.9532;38.4686;24.9395;21.7821;12.0648;30.5286;19.3792;83.5409
NOR;Norway;Europe & Central Asia;High income;2006;86.3061;6.74334;15.6547;4.61366;12.0136;59.9348;2.03731;40.7177;1.61715;1.40791;27.3765;68.6188;61.6146;31.5046;23.6386;12.7868;42.8669;20.4782;119.327
NOR;Norway;Europe & Central Asia;High income;2007;96.0871;6.97088;18.636;4.66827;12.3131;59.7763;1.48522;35.4184;1.11197;0.933807;18.4973;81.4618;88.1596;34.8472;24.8442;11.7354;27.9902;22.7525;124.886
NOR;Norway;Europe & Central Asia;High income;2008;108.334;5.53958;8.90948;4.37193;11.6968;59.2103;1.28388;24.2633;0.81456;0.500728;10.0239;55.9642;75.4507;35.3206;18.7758;11.0515;33.5168;16.4232;105.104
NOR;Norway;Europe & Central Asia;High income;2009;128.437;6.84031;18.4196;4.58917;11.0164;57.5867;1.40673;37.9151;1.06519;0.56762;11.5501;46.2507;58.5042;46.6147;37.3498;24.767;25.8923;12.5969;116.22
NOR;Norway;Europe & Central Asia;High income;2010;124.288;7.02501;19.7199;4.51534;10.9574;55.2404;1.37459;36.656;0.965431;0.788725;14.6155;62.0044;50.0051;45.9358;34.611;23.1822;37.1845;12.295;79.796
NOR;Norway;Europe & Central Asia;High income;2011;122.341;6.63567;16.059;4.42026;10.723;54.4589;1.5135;32.8349;1.04421;0.600248;10.222;54.1145;41.4767;46.7322;32.8071;16.8803;24.3717;12.4247;68.5488
NOR;Norway;Europe & Central Asia;High income;2012;120.754;7.56527;19.3687;4.62686;9.92166;52.7119;1.61015;37.9224;1.01095;0.776834;12.7821;44.6251;29.204;51.5178;36.7533;20.1575;23.4179;12.8121;52.5846
NOR;Norway;Europe & Central Asia;High income;2013;122.403;8.32696;20.9136;4.55514;8.93398;50.4734;1.35107;42.139;0.924343;0.737602;11.5239;48.5013;20.6462;53.7291;34.5225;17.575;25.2889;15.0978;38.0737
NOR;Norway;Europe & Central Asia;High income;2014;125.966;9.2155;22.5194;4.74828;8.50638;48.3058;1.55412;5.77032;1.04947;0.863636;13.1597;46.9931;19.3378;51.414;29.3098;15.5072;25.2569;16.3496;43.6963
NOR;Norway;Europe & Central Asia;High income;2015;134.512;10.1193;26.5214;4.43411;7.71886;45.7501;1.44007;5.01017;1.02487;0.903169;12.5705;47.339;22.7941;60.2432;31.5126;17.2913;27.4093;16.5463;52.4578
POL;Poland;Europe & Central Asia;High income;2004;26.9722;6.8206;4.75296;2.59546;26.5291;25.3609;5.99827;49.4272;6.97356;2.35664;22.2287;21.5151;5.09317;9.52207;0.509709;34.5753;34.113;8.177918828;32.441
POL;Poland;Europe & Central Asia;High income;2005;27.7357;8.81613;5.80793;2.7509;26.5026;27.4796;3.63281;44.4762;3.57978;1.75962;16.0681;28.4234;7.58405;10.9684;0.517416;36.0992;34.8956;8.36553174;30.1577
POL;Poland;Europe & Central Asia;High income;2006;30.1347;11.0793;8.47751;3.10432;27.5212;30.9816;3.51062;44.5288;3.4133;2.06643;19.3697;35.8676;11.6991;11.7331;0.673873;35.0999;44.8801;10.75911866;43.0411
POL;Poland;Europe & Central Asia;High income;2007;34.6593;11.8999;10.7125;3.26669;29.6066;35.8609;3.56205;47.3348;3.50574;2.23141;21.8029;44.0439;17.409;10.1519;0.977935;36.1434;47.2464;11.3263924;47.6937
POL;Poland;Europe & Central Asia;High income;2008;43.233;10.9209;3.35875;4.15346;32.6339;42.9853;3.29932;41.2821;2.88659;1.38486;14.6097;31.7578;14.7375;8.29868;0.956551;31.8935;41.7074;9.998526419;30.4898
POL;Poland;Europe & Central Asia;High income;2009;48.0219;13.3164;5.34332;3.3259;32.8294;48.5261;3.1721;40.7979;2.82541;0.670662;7.14571;25.2231;11.0531;12.8686;1.20337;34.0453;43.2732;10.37389608;51.0487
POL;Poland;Europe & Central Asia;High income;2010;47.7511;15.6335;5.44807;3.34334;32.0881;50.7333;3.28526;39.735;2.6893;1.03368;10.3666;36.2363;13.3769;13.1459;1.67213;40.041;46.4811;11.14292683;39.9793
POL;Poland;Europe & Central Asia;High income;2011;49.6368;14.9047;3.57975;3.27854;32.4948;53.7316;2.98461;38.253;2.41791;1.11975;11.1118;31.7424;13.6715;12.8081;2.06801;37.1771;46.6723;11.18876325;43.5261
POL;Poland;Europe & Central Asia;High income;2012;51.1663;17.1333;5.28383;3.45155;33.9124;56.1646;3.22929;38.3479;2.63095;1.24415;11.6816;30.4435;12.7552;16.721;2.699791164;48.53477792;45.3777;10.87840844;39.5402
POL;Poland;Europe & Central Asia;High income;2013;51.0245;18.4829;5.39591;3.05985;32.9462;58.2952;2.83688;36.1544;2.29668;1.08796;9.77748;36.9994;12.8629;16.1069;2.600637899;46.75227645;44.0831;10.56805363;37.4377
POL;Poland;Europe & Central Asia;High income;2014;50.7807;8.70865;6.25102;2.70382;32.957;63.4569;2.94237;7.93428;2.3494;1.08378;9.69547;34.3786;12.0046;13.7145;2.214358347;39.8080385;42.7885;10.25769882;30.8372
POL;Poland;Europe & Central Asia;High income;2015;52.1836;7.91166;6.7986;2.52572;31.1479;68.5118;2.52935;9.09713;2.36698;0.792146;7.03809;29.3048;10.6055;14.4364;2.33091712;41.90344286;41.4939;9.947344005;37.6441
SGP;Singapore;East Asia & Pacific;High income;2004;98.4588;58.731;46.6834;7.16427;11.7226;47.9344;3.31811;31.3125;1.69372;1.99862;20.1852;163.047;91.6024;30.5634;20.1929;38.691;52.1709;12.50694414;59.5183
SGP;Singapore;East Asia & Pacific;High income;2005;91.8978;57.379;49.9826;6.208615;11.511;48.6533;2.01508;32.0416;1.00488;1.2139;11.0033;187.18;89.7294;29.7121;17.8081;36.472;60.7788;14.57051836;48.8986
SGP;Singapore;East Asia & Pacific;High income;2006;85.9003;54.224;45.9897;6.443237;11.1433;49.3051;1.86666;35.7918;0.963324;1.54484;13.8515;220.417;103.832;28.8369;16.7491;37.5982;62.4575;14.97295357;57.0601
SGP;Singapore;East Asia & Pacific;High income;2007;82.1783;50.841;47.08019769;6.528931;10.7554;51.9579;1.89036;38.3426;1.0249;1.2705;12.3115;259.61;158.084;25.7684;16.2779;36.7315;67.9783;16.29645647;81.603
SGP;Singapore;East Asia & Pacific;High income;2008;96.8123;56.191;44.98179583;6.372943;10.3297;52.381;2.22668;30.1631;0.93656;1.28434;12.9156;222.873;174.531;25.4715;16.5956;37.4684;56.3102;13.49925966;59.0609
SGP;Singapore;East Asia & Pacific;High income;2009;99.7703;60.306;36.53019192;5.380772;10.2165;54.813;1.93548;34.4446;0.965933;1.04794;9.87175;191.792;129.7;25.751;14.1965;45.7994;66.9806;16.05727757;68.7847
SGP;Singapore;East Asia & Pacific;High income;2010;93.4051;17.7681;34.23871537;5.030919;10.2233;61.5064;1.77077;40.8826;0.96452;1.28956;11.2994;246.134;122.427;22.5998;11.5641;42.7157;71.8567;17.22622636;52.5502
SGP;Singapore;East Asia & Pacific;High income;2011;100.892;19.3823;36.15769844;5.244398;9.96581;62.0018;1.60793;37.2208;0.895186;1.05709;9.63855;238.347;111.192;22.5156;10.0077;37.8934;74.327;17.81843206;41.8741
SGP;Singapore;East Asia & Pacific;High income;2012;111.359;21.602;36.9274;5.114039;9.7714;61.4041;1.6532;40.8642;0.931981;1.26578;11.7927;236.547;93.2388;26.5247;11.78965873;39.4799;73.6566;17.65771688;38.1067
SGP;Singapore;East Asia & Pacific;High income;2013;120.942;23.5474;42.9931;5.516043;9.50703;60.2922;1.59361;34.8119;0.851591;1.06381;10.5593;250.71;89.5739;30.9814;13.77056604;32.3309;73.0991;17.52406725;37.0239
SGP;Singapore;East Asia & Pacific;High income;2014;130.587;25.5623;46.67192642;6.062458;9.38906;59.4641;1.74404;5.52476;1.14505;1.12848;12.4842;243.121;77.743;30.7509;13.66811375;24.1595;72.3006;17.33264263;26.9347
SGP;Singapore;East Asia & Pacific;High income;2015;131.04;27.6736;50.52676101;6.37053;9.3268;59.9825;1.59042;4.6834;1.05682;0.961964;10.5597;227.694;65.3832;29.3895;13.06300073;25.4783;73.4176;17.60042134;29.7097
SVN;Slovenia;Europe & Central Asia;High income;2004;42.4977;0.017462;5.225689984;3.4061;40.996;81.116;3.00148;39.3106;2.78413;1.06049;11.342;25.2948;1.90689;7.61227;3.87229;16.9929;40.5452;9.719911895;8.84557
SVN;Slovenia;Europe & Central Asia;High income;2005;47.2431;0.011751;5.635817778;3.56787;40.1154;86.626;2.63283;36.7512;2.44135;0.858865;9.69318;24.2728;1.72506;4.63844;4.92523;16.8831;35.9304;8.613604627;5.3959
SVN;Slovenia;Europe & Central Asia;High income;2006;54.1223;0.015724;6.28016;3.6683;39.6754;88.0261;2.54599;40.5382;2.55057;0.994885;11.9809;29.2004;1.93652;4.75069;5.33121;18.3118;25.2047;6.04232963;9.13832
SVN;Slovenia;Europe & Central Asia;High income;2007;61.9269;3.98544;8.76912;4.0465;40.2284;94.4219;2.55733;39.0578;2.18128;1.16174;14.2745;46.7414;4.1885;7.86703;4.77104;16.8088;26.333;6.312817298;13.0576
SVN;Slovenia;Europe & Central Asia;High income;2008;72.0012;3.76275;3.71816;4.00688;39.3718;99.3479;2.37122;27.364;1.71032;0.591012;7.11298;39.1359;4.11924;9.17791;4.4982;12.475;30.3345;7.272097989;6.21597
SVN;Slovenia;Europe & Central Asia;High income;2009;82.014;4.65987;5.19486;4.25668;39.5583;101.656;2.19193;32.7286;1.66675;0.285133;3.41481;23.3044;2.31578;15.6082;5.30987;11.5575;20.7871;4.983297173;8.82087
SVN;Slovenia;Europe & Central Asia;High income;2010;84.5242;5.37347;5.5463;4.35704;38.7384;102.886;2.19978;29.1944;1.61294;-0.223899;-2.72041;21.9802;1.54051;16.524;6.79463;11.0724;20.0878;4.815653793;4.58627
SVN;Slovenia;Europe & Central Asia;High income;2011;83.2421;5.53578;4.44327;4.12627;38.2789;104.629;2.23384;32.0628;1.85956;-1.03231;-12.5847;15.89;0.997077;14.6997;7.34717;10.5085;19.0654;4.570553561;6.28373
SVN;Slovenia;Europe & Central Asia;High income;2012;82.49;5.77243;5.12344;4.12248;38.4388;101.426;2.07913;42.8358;1.77651;-1.9171;-23.3552;13.3795;0.94989;15.7743;7.884274083;11.27670847;21.9337;5.258171905;6.46151
SVN;Slovenia;Europe & Central Asia;High income;2013;73.6287;5.95434;5.25488;3.87164;34.4304;100.682;1.84705;57.3887;2.15315;-1.167678;-11.7673;14.5752;0.871098;23.6342;11.81279109;16.89558227;9.29346;2.22792371;5.93581
SVN;Slovenia;Europe & Central Asia;High income;2014;59.6113;6.2661;5.1484;3.67888;31.8554;96.0771;2.57957;10.6364;2.58664;-0.418256;-4.05439;14.8385;1.16325;35.6852;17.83609399;25.51058349;8.93801;2.142711584;10.0121
SVN;Slovenia;Europe & Central Asia;High income;2015;51.6992;6.44867;5.7227;3.63019;31.2171;95.4709;2.38641;12.6866;2.11635;0.397486;3.44948;14.404;1.14467;36.7151;18.35085623;26.2468369;9.115735;2.185317647;5.91646
ESP;Spain;Europe & Central Asia;High income;2004;107.386;8.38023;29.6875;4.71412;97.5145;145.845;2.95879;44.8629;2.63094;1.36;21.6583;81.2211;71.9144;38.3554;27.488;38.9767;56.153;13.46157406;99.1066
ESP;Spain;Europe & Central Asia;High income;2005;120.95;8.76939;27.3808;4.68921;99.2653;148.675;1.13669;36.8251;0.882351;0.561107;8.86862;82.085;79.4872;40.3424;33.5536;33.4989;58.5279;14.03090949;103.315
ESP;Spain;Europe & Central Asia;High income;2006;140.689;9.32941;29.0962;4.7185;101.818;152.068;1.7139;34.0792;1.19457;0.956684;14.5453;90.5925;98.3293;55.8131;41.6011;29.7186;56.0303;13.43215916;130.806
ESP;Spain;Europe & Central Asia;High income;2007;155.483;9.36791;26.8061;4.53703;104.219;157.372;1.56728;38.2865;1.11523;1.02065;15.8829;108.906;131.261;65.0767;53.7556;28.6411;61.5409;14.7532168;141.419
ESP;Spain;Europe & Central Asia;High income;2008;167.261;8.6578;16.5734;4.77778;103.755;156.375;1.43974;41.9478;1.16722;0.818206;12.4784;88.8044;128.531;65.2386;58.7627;28.108;54.5822;13.08500575;118.952
ESP;Spain;Europe & Central Asia;High income;2009;173.149;9.59349;17.9862;5.0126;99.0516;151.721;1.82298;22.5372;1.05169;0.690583;9.80482;77.2964;96.7088;78.7436;62.1841;35.1108;61.8807;14.83467715;110.294
ESP;Spain;Europe & Central Asia;High income;2010;170.235;9.75324;15.1521;4.71508;95.712;149.101;1.79577;30.2994;1.12308;0.572377;7.92231;88.1685;89.8413;77.0233;62.187;43.1494;62.7289;15.03801637;108.872
ESP;Spain;Europe & Central Asia;High income;2011;168.513;9.66547;13.0617;4.97638;88.2001;146.865;1.56662;29.9337;1.08731;0.056032;0.809589;75.8915;86.3095;74.0802;54.452;45.2813;62.8412;15.06493808;99.8568
ESP;Spain;Europe & Central Asia;High income;2012;161.36;10.2631;14.1093;4.75576;83.7288;135.887;1.69405;22.5056;1.21839;-1.34632;-7.62209;72.4024;70.9784;85.6309;52.77671304;43.88816161;58.7971;14.09544488;89.0976
ESP;Spain;Europe & Central Asia;High income;2013;148.19;10.8313;17.8196;4.64253;73.5412;130.599;1.2901;38.2534;1.22434;0.13214;1.95958;77.9121;65.6851;84.382;52.53876905;43.69029169;52.7093;12.63601492;85.7655
ESP;Spain;Europe & Central Asia;High income;2014;133.893;11.63;19.5165;4.41078;69.6576;118.619;2.47077;6.96759;2.12939;0.542507;7.33409;76.0983;68.8209;73.1108;50.24593391;41.78361139;22.001;5.274305752;94.3439
ESP;Spain;Europe & Central Asia;High income;2015;121.451;11.523;22.9099;4.40469;67.534;116.81;2.12844;13.3537;1.75509;0.446429;6.12761;67.2627;75.1733;76.343;50.41854412;41.92715092;22.94211835;5.499920312;121.311
SWE;Sweden;Europe & Central Asia;High income;2004;93.3979;9.3003;28.0488;5.59282;23.5769;36.6751;1.01902;45.0802;1.12089;1.21939;31.1678;91.1861;69.2118;42.8637;9.87912;42.8229;19.7238752;4.72841;118.493
SWE;Sweden;Europe & Central Asia;High income;2005;97.6577;11.9673;30.6143;6.10316;23.587;37.7339;0.880129;48.6087;1.06057;0.538983;13.8592;99.4556;111.651;43.2289;8.97902;35.9046;19.06755425;4.57107;119.908
SWE;Sweden;Europe & Central Asia;High income;2006;101.777;13.6276;42.1323;6.21186;23.798;37.5224;1.0442;50.6131;1.22888;0.7041;18.7351;116.833;136.399;47.8766;10.4415;37.2203;20.1922349;4.84069;137.982
SWE;Sweden;Europe & Central Asia;High income;2007;107.546;14.2231;39.9646;6.42292;23.637;40.6921;1.38852;38.0635;1.23294;0.825209;22.8611;126.604;174.199;53.4368;14.1658;29.8499;28.72962139;6.88736;156.871
SWE;Sweden;Europe & Central Asia;High income;2008;117.51;10.691;22.0503;6.5178;23.9948;42.1996;1.05612;38.4852;1.06375;0.50637;14.9325;86.654;160.756;54.4453;10.4585;22.555;30.74876562;7.37141;144.093
SWE;Sweden;Europe & Central Asia;High income;2009;124.792;14.9683;39.631;7.41129;23.0034;42.7962;1.36812;39.0891;1.17996;0.592818;15.0975;75.3328;109.483;87.2981;15.0088;28.0642;22.97048226;5.50672;120.592
SWE;Sweden;Europe & Central Asia;High income;2010;120.289;17.3289;42.0676;7.44897;22.5158;42.7966;1.27499;37.9413;1.22498;0.337839;7.12407;105.756;86.9207;78.9176;61.2219;27.1136;24.34173168;1.98668;85.1138
SWE;Sweden;Europe & Central Asia;High income;2011;123.121;15.8147;31.9133;7.11586;21.7124;45.1992;1.50231;33.8997;1.17248;0.53794;11.1549;99.2636;88.2637;74.5431;54.4268;22.5046;25.39656717;2.24177;90.4596
SWE;Sweden;Europe & Central Asia;High income;2012;127.585;18.2502;37.8268;6.42186;21.8078;43.0361;1.65174;34.7651;1.21678;0.49591;10.2588;92.8092;79.0072;88.8094;60.6084;24.8721;26.43743363;2.42372;74.5239
SWE;Sweden;Europe & Central Asia;High income;2013;129.393;21.7141;43.6944;6.75599;21.5652;40.538;1.64313;31.8011;1.06569;0.888458;17.1894;92.90994167;79.09296;88.9058;45.7356;25.4405;25.97899607;0;53.95877522
SWE;Sweden;Europe & Central Asia;High income;2014;128.486;25.5975;49.4378;6.34482;21.0904;40.1788;1.25506;6.88555;0.967481;0.71526;13.4659;89.24906896;75.97650924;85.4027;41.2359;21.5128;25.02504216;0;61.92723139
SWE;Sweden;Europe & Central Asia;High income;2015;125.913;26.5704;56.4898;6.55262;20.6156;39.8196;1.1011;7.1933;0.91325;0.620938;11.0775;101.232102;86.17750102;96.8693;47.1516;24.0489;25.43595414;0;74.34419662
CHE;Switzerland;Europe & Central Asia;High income;2004;143.507;108.83;24.0194;8.5644;57.3525;87.3664;1.02672;61.0342;1.48937;0.643686;14.976;205.239;67.6423;59.9855;19.551;24.0603;30.117;8.84532;5.42945
CHE;Switzerland;Europe & Central Asia;High income;2005;145.639;101.308;28.628;8.20548;56.792;89.1711;0.718213;70.7522;1.30526;0.854456;18.4095;216.57;12.3089;61.7839;16.0072;20.3567;30.3205;8.43254;6.41834
CHE;Switzerland;Europe & Central Asia;High income;2006;148.287;111.313;37.1495;7.47612;55.6189;91.2557;0.642162;76.094;1.59196;0.577938;13.7083;250.24;16.0432;69.3487;16.4992;20.2398;33.7008;8.67602;7.56669
CHE;Switzerland;Europe & Central Asia;High income;2007;150.778;112.615;36.9033;7.13033;55.2794;93.2064;0.522326;76.278;1.88204;0.078034;2.24427;265.128;139.028;74.431;15.9737;18.8452;35.9091;8.92255;99.488
CHE;Switzerland;Europe & Central Asia;High income;2008;151.908;91.8806;24.5098;7.02708;53.9536;94.1519;0.506078;62.4869;2.55432;-1.59215;-41.3108;209.447;256.307;64.1776;14.7184;17.8158;34.0648;8.97532;122.297
CHE;Switzerland;Europe & Central Asia;High income;2009;155.446;107.673;31.1717;7.16602;52.6806;94.9074;0.549726;72.4133;1.72455;-0.175765;-3.89625;179.316;201.221;72.6462;15.2259;17.9215;33.1285;8.9994;79.6539
CHE;Switzerland;Europe & Central Asia;High income;2010;156.584;113.858;45.0998;7.13371;51.7685;95.9846;0.651123;76.5524;2.59968;0.310785;6.13703;201.28;144.447;65.3228;15.3032;18.7087;39.4372;8.82948;74.8267
CHE;Switzerland;Europe & Central Asia;High income;2011;158.554;95.4119;39.2032;7.05542;50.2459;98.9611;0.664491;70.7921;1.74477;0.44702;8.56227;182.401;133.647;53.3485;12.4618;15.9457;35.5774;8.69486;65.1855
CHE;Switzerland;Europe & Central Asia;High income;2012;163.523;110.227;46.6567;7.13806;48.8809;99.2746;0.70406;69.866;2.25921;-0.218302;-4.02133;170.679;103.628;58.6163;13.9106;16.92;29.2157;8.25165;52.1525
CHE;Switzerland;Europe & Central Asia;High income;2013;166.861;117.791;57.8943;7.27881;47.4407;98.9435;1.07522;66.0064;2.13438;0.444988;7.70936;203.921;94.9567;52.5514;15.122;16.745;28.6475063;8.09117;50.0947
CHE;Switzerland;Europe & Central Asia;High income;2014;168.051;111.379;61.6671;7.14224;46.019;97.6112;1.04354;33.2427;2.63197;0.345001;6.14664;217.922;102.889;54.3769;14.5622;14.4928;29.53792899;8.34266;47.9353
CHE;Switzerland;Europe & Central Asia;High income;2015;173.099;114.7246581;68.8492;7.25986;44.29;98.633;1.07329;27.9217;2.52479;0.253745;4.5714;219.312;123.364;60.546;17.1059;14.5478;29.94785837;8.45844;64.9314
GBR;United Kingdom;Europe & Central Asia;High income;2004;136.231;68.4011;22.6855;13.11356;29.0273;120.5987798;2.37532;51.1175;2.86079;1.72701;34.3485;115.487;62.931;55.495;16.3477;28.2496;59.8332;14.34382941;58.7636
GBR;United Kingdom;Europe & Central Asia;High income;2005;143.172;71.0357;28.2875;13.60651;28.3214;117.666;1.22499;54.8829;1.51851;0.691681;16.5384;116.608;66.5282;58.6875;15.0811;29.583;59.0803;14.16333649;59.1492
GBR;United Kingdom;Europe & Central Asia;High income;2006;151.059;84.9899;32.349;14.84195;26.451;121.032;1.14286;58.3744;1.55094;0.631491;17.416;127.989;83.8663;73.6032;14.849;30.9905;62.8648;15.07059571;80.6118
GBR;United Kingdom;Europe & Central Asia;High income;2007;164.089;76.4721;33.7992;17.27881;26.4212;125.994;0.89543;55.9228;1.11857;0.703629;19.6767;129.477;112.913;78.3192;15.8087;32.0289;61.8334;14.82333791;99.5412
GBR;United Kingdom;Europe & Central Asia;High income;2008;187.153;50.5845;28.6399;12.25579;26.0841;125.835;0.79234;48.6539;0.872967;0.123415;4.03062;94.9538;111.549;92.7132;15.5592;31.6688;53.7234;12.87912539;100.19
GBR;United Kingdom;Europe & Central Asia;High income;2009;202.2;78.8567;35.0865;11.03318;25.4746;121.453;1.59713;44.031;0.368352;-0.046065;-1.54813;94.0055;107.937;127.261;15.9318;43.2559;65.6734;15.74390216;156.76
GBR;United Kingdom;Europe & Central Asia;High income;2010;190.242;83.808;42.1914;11.01575;24.759;122.217;2.22862;45.9877;0.486617;-0.016593;-0.404618;121.787;123.066;118.414;15.0463;55.3568;67.0722;16.07923687;102.528
GBR;United Kingdom;Europe & Central Asia;High income;2011;179.87;86.1393;39.0888;10.57637;24.1221;123.752;1.74381;55.8177;0.786009;0.066435;1.39417;118.689;122.557;107.734;12.316;58.633;64.8909;15.55631322;96.6064
GBR;United Kingdom;Europe & Central Asia;High income;2012;168.221;96.7513;44.4104;11.00293;22.1384;126.237;1.22869;53.6463;1.18065;-0.283802;-5.79189;112.111;103.064;105.693;12.08267574;57.52220904;69.0464;16.55251237;84.8866
GBR;United Kingdom;Europe & Central Asia;High income;2013;157.976;104.943;51.3398;10.89411;25.1927;128.783;1.58874;48.7187;0.920514;0.095859;1.93085;105.533;75.8193;104.729;11.97247261;56.99756304;73.2019;17.54871152;70.21435467
GBR;United Kingdom;Europe & Central Asia;High income;2014;144.959;91.0705;47.2568;10.25638;25.38382203;129.76;2.56493;10.3163;3.00051;0.361364;6.2684;98.955;68.7467;89.3359;10.21275497;48.62004404;77.3574;18.54491068;69.40041459
GBR;United Kingdom;Europe & Central Asia;High income;2015;134.694;77.198;43.1738;9.61865;25.74180904;131.59;1.39329;10.7973;1.67143;0.224959;3.52693;92.377;67.52530119;87.7487;10.03130849;47.75622855;81.5129;19.54110983;72.66343412
USA;United States;North America;High income;2004;173.808;73.3312;67.8053;7.55825;32.5075;164.838;3.50844;42.0417;3.12855;1.29471;13.2971;125.554;144.217;18.9168;103.746;48.711;75.1114;18.00647648;123.953
USA;United States;North America;High income;2005;178.747;74.2531;70.2029;7.13195;33.0915;168.405;3.47579;42.1087;3.06696;1.29577;12.7391;128.392;172.597;17.9618;105.719;52.6719;77.3994;18.55497935;153.422
USA;United States;North America;High income;2006;185.189;76.5018;77.9452;7.15634;33.752;166.241;3.21401;43.0219;2.89964;1.2723;12.4867;133.386;205.582;20.7513;109.896;52.3772;77.2137;18.51046144;165.47
USA;United States;North America;High income;2007;192.82;77.3607;87.0308;7.17242;34.5779;172.867;3.13763;40.7905;2.87465;0.875033;8.59279;137.361;254.616;23.9632;113.731;51.6464;73.7764;17.68643657;215.485
USA;United States;North America;High income;2008;195.579;59.1144;69.3002;7.13883;34.9629;167.11;3.10055;38.0223;2.79018;0.101401;1.44065;109.698;313.593;23.6193;119.953;57.5695;72.0507;17.27273403;292.615
USA;United States;North America;High income;2009;188.879;69.1701;82.5315;6.8019;35.708;172.982;3.41381;40.9079;2.75972;0.13396;1.35429;92.9573;285.378;23.5902;116.521;68.0571;73.243;17.55856444;255.955
USA;United States;North America;High income;2010;180.252;73.5079;85.5365;6.44674;35.2167;170.6019715;3.8097;36.9518;2.79884;0.660387;5.95344;108.321;235.499;21.6181;102.372;76.5616;72.5215;17.38559905;222.247
USA;United States;North America;High income;2011;175.385;70.8858;81.8408;6.66458;34.9309;169.2174567;3.64089;36.6582;2.86559;0.822584;7.28684;107.384;250.95;19.3821;91.8596;82.5735;71.95;17.2485932;246.316
USA;United States;North America;High income;2012;170.918;73.6602;89.1351;6.78905;34.6721;167.9637393;3.53272;38.1181;2.8774;0.990271;8.80162;107.025;229.36;18.3679;87.05289658;95.64001565;72.8996;17.47624106;187.098
USA;United States;North America;High income;2013;176.812;82.2173;100.221;6.50675;33.4268;161.931072;3.43784;37.8346;2.73971;1.05224;9.38813;128.708;197.874;17.898;84.8258507;81.01119922;75.4845;18.09591985;154.759
USA;United States;North America;High income;2014;182.463;83.5828;102.605;6.50003;32.2223;156.0960541;2.97603;24.2276;2.40572;1.02137;9.0682;146.499;210.053;17.6685;83.73815751;74.38667884;75.1036;18.00460659;152.965
USA;United States;North America;High income;2015;179.648;80.79350254;99.1809;6.62359;32.8722;159.2443962;3.19306;22.9858;2.50248;1.05215;9.26067;143.312;224.064;17.8191;84.45191173;73.02800762;73.1746;17.54216689;160.157
